{
    "model": {
        "nodes": [
            {
                "width": 105,
                "height": 80,
                "id": "node-19",
                "type": "divideNumbers",
                "position": {
                    "x": 2206.6130887877084,
                    "y": 712.54568446879
                },
                "data": {
                    "custom_label": "RAIZ NEG",
                    "result_out-value": 0.18350341907227405
                },
                "positionAbsolute": {
                    "x": 2206.6130887877084,
                    "y": 712.54568446879
                },
                "selected": false,
                "dragging": false
            },
            {
                "width": 105,
                "height": 80,
                "id": "node-18",
                "type": "divideNumbers",
                "position": {
                    "x": 2211.1862324386175,
                    "y": 817.0327170480567
                },
                "data": {
                    "result_out-value": 1.816496580927726,
                    "custom_label": "RAIZ POS"
                },
                "positionAbsolute": {
                    "x": 2211.1862324386175,
                    "y": 817.0327170480567
                },
                "selected": false,
                "dragging": false
            },
            {
                "width": 115,
                "height": 80,
                "id": "node-17",
                "type": "sumNumbers",
                "position": {
                    "x": 1856.0717030877122,
                    "y": 582.6729643838787
                },
                "data": {
                    "result_out-value": 1.1010205144336442,
                    "custom_label": "NUM NEG"
                },
                "positionAbsolute": {
                    "x": 1856.0717030877122,
                    "y": 582.6729643838787
                },
                "selected": false,
                "dragging": false
            },
            {
                "width": 115,
                "height": 80,
                "id": "node-16",
                "type": "multiplyNumbers",
                "position": {
                    "x": 1616.3673091037995,
                    "y": 489.15520624786825
                },
                "data": {
                    "result_out-value": -4.898979485566356,
                    "custom_label": "-RAÍZ"
                },
                "positionAbsolute": {
                    "x": 1616.3673091037995,
                    "y": 489.15520624786825
                },
                "selected": false,
                "dragging": false
            },
            {
                "width": 115,
                "height": 80,
                "id": "node-15",
                "type": "sumNumbers",
                "position": {
                    "x": 1855.8722663903004,
                    "y": 703.4219948058756
                },
                "data": {
                    "custom_label": "NUM POS",
                    "result_out-value": 10.898979485566356
                },
                "positionAbsolute": {
                    "x": 1855.8722663903004,
                    "y": 703.4219948058756
                },
                "selected": false,
                "dragging": false
            },
            {
                "width": 110,
                "height": 80,
                "id": "node-14",
                "type": "rootNumber",
                "position": {
                    "x": 1419.1026948716121,
                    "y": 586.9562049857547
                },
                "data": {
                    "result_out-value": 4.898979485566356
                },
                "positionAbsolute": {
                    "x": 1419.1026948716121,
                    "y": 586.9562049857547
                },
                "selected": false,
                "dragging": false
            },
            {
                "width": 115,
                "height": 80,
                "id": "node-13",
                "type": "sumNumbers",
                "position": {
                    "x": 1394.677793867793,
                    "y": 463.1998398941639
                },
                "data": {
                    "result_out-value": 24,
                    "custom_label": "B**2 - 4AC"
                },
                "positionAbsolute": {
                    "x": 1394.677793867793,
                    "y": 463.1998398941639
                },
                "selected": false,
                "dragging": false
            },
            {
                "width": 115,
                "height": 80,
                "id": "node-12",
                "type": "multiplyNumbers",
                "position": {
                    "x": 1286.4311724676652,
                    "y": 332.38927826761505
                },
                "data": {
                    "result_out-value": -12,
                    "custom_label": "-4AC"
                },
                "positionAbsolute": {
                    "x": 1286.4311724676652,
                    "y": 332.38927826761505
                },
                "selected": false,
                "dragging": false
            },
            {
                "width": 115,
                "height": 80,
                "id": "node-11",
                "type": "multiplyNumbers",
                "position": {
                    "x": 1859.2062337491384,
                    "y": 822.3050984874995
                },
                "data": {
                    "result_out-value": 6,
                    "custom_label": "2A"
                },
                "positionAbsolute": {
                    "x": 1859.2062337491384,
                    "y": 822.3050984874995
                },
                "selected": false,
                "dragging": false
            },
            {
                "width": 110,
                "height": 80,
                "id": "node-10",
                "type": "powerNumber",
                "position": {
                    "x": 1122.9229152614112,
                    "y": 320.05945499480515
                },
                "data": {
                    "result_out-value": 36,
                    "custom_label": "B**2"
                },
                "positionAbsolute": {
                    "x": 1122.9229152614112,
                    "y": 320.05945499480515
                },
                "selected": false,
                "dragging": false
            },
            {
                "width": 115,
                "height": 80,
                "id": "node-9",
                "type": "multiplyNumbers",
                "position": {
                    "x": 1157.4146107831377,
                    "y": 208.74452747070342
                },
                "data": {
                    "custom_label": "4AC",
                    "result_out-value": 12
                },
                "positionAbsolute": {
                    "x": 1157.4146107831377,
                    "y": 208.74452747070342
                },
                "selected": false,
                "dragging": false
            },
            {
                "width": 115,
                "height": 80,
                "id": "node-8",
                "type": "multiplyNumbers",
                "position": {
                    "x": 993.8194235539042,
                    "y": 175.9423871877768
                },
                "data": {
                    "result_out-value": 3,
                    "custom_label": "AC"
                },
                "positionAbsolute": {
                    "x": 993.8194235539042,
                    "y": 175.9423871877768
                },
                "selected": false,
                "dragging": false
            },
            {
                "width": 115,
                "height": 80,
                "id": "node-7",
                "type": "multiplyNumbers",